race_id,cycle,state,poll_margin,actual_margin,poll_error,receipts_edge,individual_edge,dem_incumbent,rep_incumbent
10,2014,NJ,14.375,13.509723005988107,-0.865276994011893,3.404835224003203,3.4044082165032994,1,0
100,2018,FL,1.587272727272727,-0.12250297771490182,-1.7097757049876288,-0.9671609340659297,0.3293074756466188,1,0
102,2018,IN,0.39333333333333326,-5.890171802336404,-6.283505135669738,-0.303600111608324,0.5079281606974944,1,0
103,2018,ME,-25.200000000000003,-24.784326830167924,0.415673169832079,-0.9034000503613715,-1.9655087358266807,0,0
105,2018,MA,24.55,24.164730393152794,-0.38526960684720635,2.144430368143041,1.9628283011975702,1,0
106,2018,MI,10.523529411764706,6.505602308655732,-4.017927103108974,0.07040810227644363,-0.22432287685385202,1,0
107,2018,MN,20.571428571428573,24.095731838102587,3.524303266674014,3.4477206757540215,3.1963024513888505,1,0
109,2018,MO,-1.7150000000000003,-5.813890166151516,-4.0988901661515165,1.1496496144854222,1.2350588770306838,1,0
11,2014,SC,-17.575,-17.435638973449187,0.13936102655081228,-2.732944622444909,-2.6853242677006537,0,1
110,2018,MT,4.880000000000001,3.5514607917776786,-1.3285392082223222,1.137044722470093,1.1953389984398568,1,0
112,2018,NV,0.07666666666666658,5.0269922191636525,4.950325552496986,0.7110448937672348,0.9697116333750813,0,1
113,2018,NJ,7.413333333333333,11.179057902193215,3.7657245688598815,-1.4100043460664597,0.7662356072311436,1,0
114,2018,NM,16.985,23.555548541488516,6.570548541488517,1.8843032234389534,1.820558941582882,1,0
115,2018,NY,27.0,33.42205500787834,6.422055007878342,2.550248902515705,2.6713855734773166,1,0
116,2018,ND,-11.2,-10.8371302945379,0.3628697054620993,1.5883256599165885,1.9279395951394966,1,0
117,2018,OH,12.755555555555556,6.845771541305197,-5.909784014250359,0.635250453041465,2.2014813369659714,1,0
118,2018,PA,13.6,13.12710105002595,-0.47289894997405035,0.8776750679063094,0.7543103842067764,1,0
119,2018,RI,22.333333333333332,23.10783621508847,0.7745028817551365,1.4549129845129323,1.3946044187219715,1,0
12,2014,AK,-1.9785714285714289,-2.129603399433428,-0.15103197086199915,0.1151313873534032,0.008980146481774655,1,0
120,2018,TN,-4.6419999999999995,-10.787034148341618,-6.145034148341619,0.29324978899564463,0.045723077589189115,0,0
121,2018,TX,-5.797499999999999,-2.567246261342582,3.2302537386574173,0.8193596348622281,1.0078045965438371,0,1
127,2018,WI,11.414285714285715,10.825052813798152,-0.5892329004875627,1.5566518762388768,1.5634543917103898,1,0
129,2018,MN,9.571428571428571,10.619450898909932,1.0480223274813607,0.6744386369934339,0.6469336644451411,1,0
14,2014,NC,1.234375,-1.5644461031372217,-2.7988211031372217,0.7165096907748957,0.7639773302968332,1,0
1469,2016,LA,-19.96333333333333,-21.309220402100884,-1.3458870687675528,0.01927527959240678,0.05239918312660562,0,0
1470,2014,LA,-13.44,-11.86952776759221,1.5704722324077895,0.03841921690990402,0.07164441504305377,1,0
1473,2012,AZ,-2.5833333333333335,-3.0272949092948167,-0.4439615759614832,-0.3346176938113544,-0.2536072823455001,0,1
1474,2012,CA,19.91111111111111,25.0485689442892,5.13745783317809,2.4312266163464593,1.8265271051137122,1,0
1475,2012,CT,3.588235294117647,12.463188698765158,8.874953404647512,-1.575602698122215,1.9838108096240015,1,0
1477,2012,FL,7.62,13.005995399725464,5.385995399725464,0.6115654410072481,0.5761306418868287,1,0
1478,2012,HI,14.75,25.203085836142193,10.453085836142193,-0.06093842188343667,-0.13565167379285847,1,0
1479,2012,IN,2.0,5.763832847284995,3.763832847284995,-0.24938062530198124,-0.36103978188183505,1,0
1480,2012,ME,-19.416666666666668,-17.48489506836293,1.9317715983037367,-1.9495245516468067,-1.5870311865139184,0,0
1481,2012,MD,26.0,29.649358925184778,3.649358925184778,1.119263807863796,0.6188239536866087,1,0
1482,2012,MA,3.75,7.483772983823869,3.7337729838238687,0.4119426304343631,0.5832322824734273,0,1
1483,2012,MI,13.281428571428572,20.813605569666173,7.532176998237601,0.5994232610275786,0.30312191009050177,1,0
1484,2012,MN,29.11111111111111,34.700990817763184,5.589879706652074,2.0301459166581903,1.6892084350626928,1,0
1486,2012,MO,6.417647058823529,15.70060529174446,9.28295823292093,1.209338380688957,1.1143865936537887,1,0
1487,2012,MT,0.3444444444444446,3.718013603090938,3.3735691586464935,0.21991669442373646,0.28533639462697585,1,0
1488,2012,NE,-9.68,-15.548865544300327,-5.868865544300327,0.09284437851420223,0.24720102671898272,0,0
1489,2012,NV,-4.052631578947369,-1.1601465216149478,2.8924850573324212,0.11336065499431952,0.3887534466223888,0,1
1490,2012,NJ,17.714285714285715,19.491099015621693,1.7768133013359773,0.9739991384121762,0.7873085325731815,1,0
1491,2012,NM,7.653846153846154,5.730523477267781,-1.9233226765783735,-0.0638344501298392,-0.040950247664212056,1,0
1492,2012,NY,38.2,40.825458349094546,2.6254583490945436,4.700701356145978,4.643906616255217,1,0
1493,2012,ND,0.6666666666666666,0.9142316219515223,0.24756495528485567,-0.1418473775958724,0.011442661731179967,0,0
1494,2012,OH,4.845652173913043,6.000677553276567,1.155025379363524,0.10208321920753907,0.18582087065958638,1,0
1495,2012,PA,5.264285714285714,9.102427363720011,3.838141649434297,-1.219548275970479,0.5470213539420606,1,0
1496,2012,RI,21.05,29.845835256307552,8.795835256307551,0.6492241317857356,0.2472617014616879,1,0
1498,2012,TX,-17.0,-15.83265330099016,1.1673466990098404,-3.0944409926482517,-3.0255576094244887,0,0
15,2014,KY,-4.621428571428571,-15.467229578206343,-10.845801006777773,-0.10738299742429619,0.35949898496972565,0,1
1501,2012,VA,2.165277777777778,5.905140082205122,3.7398623044273442,0.22897802563170275,0.3596309672752562,1,0
1502,2012,WA,19.964285714285715,20.901982363426015,0.9376966491402996,2.206448094837018,2.158424550014219,1,0
1504,2012,WI,2.022222222222222,5.548527602245095,3.5263053800228725,0.42798296527871543,0.6230846148427079,1,0
1507,2010,AK,-7.9,-12.05230466961249,-4.152304669612489,-0.9280307048736127,-0.9361916510847665,0,0
1508,2010,AZ,-23.25,-24.208830752877994,-0.9588307528779936,-2.5723686738780582,-1.948579453940562,0,1
1509,2010,AR,-16.575,-20.957822033778783,-4.382822033778783,1.0720613397915073,0.9125877202570039,1,0
1510,2010,CA,4.623529411764706,10.010589830562715,5.387060418798009,-0.5571844804654877,-0.16477738338468806,1,0
1511,2010,CO,-2.238095238095238,1.628348923367902,3.86644416146314,0.9616695490966286,0.8482226350437962,1,0
1512,2010,CT,9.845,9.267332399630568,-0.5776676003694323,-1.7500992178567025,3.8003471569134084,0,0
1513,2010,DE,16.275,16.57731569736046,0.3023156973604628,-0.5658719281528212,-0.9796025885448677,0,0
1514,2010,FL,-24.125,-28.696665709376234,-4.571665709376234,-0.8140907391344455,-0.9316423901092592,0,0
1515,2010,GA,-22.97142857142857,-19.30873516490312,3.6626934065254524,-2.960584026705517,-2.559190112714669,0,1
1516,2010,HI,27.033333333333335,53.23746637055666,26.204133037223325,2.5799481807995654,2.918810320388728,1,0
1518,2010,IL,-0.7739130434782607,-1.59860795314205,-0.8246949096637893,-0.37041692753910493,-0.3185174200791581,0,0
1520,2010,IN,-19.0,-14.57975180010559,4.420248199894409,-0.7377529062176149,-0.91503571313289,0,0
1521,2010,IA,-26.666666666666668,-31.049232883806745,-4.382566217140077,-0.603352449612249,-0.346499534001349,0,1
1523,2010,KY,-7.093333333333333,-11.47809594600971,-4.384762612676377,-0.2489280938830953,-0.36068005320036123,0,0
1525,2010,MD,26.2,26.439615281008678,0.23961528100867824,1.1729223935763138,2.2408685314328363,1,0
1526,2010,MA,-1.6692307692307689,-4.764177286331858,-3.0949465171010893,-0.6315115884362581,-0.12373471444883874,0,1
1527,2010,MO,-8.563636363636363,-13.602764341151484,-5.039127977515122,-0.14835727893532963,0.16186432381756685,0,0
1528,2010,NV,-1.573684210526316,5.742136167806116,7.3158203783324325,-0.3771343300222678,-0.6984312549729353,1,0
1529,2010,NH,-14.077777777777778,-23.239647247696325,-9.161869469918548,-0.08719207196539762,0.08910831952272211,0,0
1530,2010,NY,28.19047619047619,37.95787862001272,9.767402429536531,4.397929145242032,4.743554368093099,1,0
1531,2010,NY,18.33,31.515154062890492,13.185154062890494,1.4193224053617204,2.3566817552001003,1,0
1532,2010,NC,-12.285714285714286,-11.765515234697915,0.5201990510163714,-1.0606542195675983,-0.691766816792982,0,1
1534,2010,OH,-15.527586206896553,-17.442409080972503,-1.9148228740759503,-0.7212787219158513,-0.5111127581379202,0,1
1536,2010,OR,17.283333333333335,17.975194580850527,0.6918612475171919,0.8825291856812225,1.3265230200270597,1,0
1537,2010,PA,-4.787096774193548,-2.0169893814480346,2.7701073927455138,-0.2117600769498204,-0.582137950695976,0,0
1540,2010,UT,-24.5,-28.821318114245685,-4.321318114245685,-1.7972886186365011,-1.7648149725946105,0,1
1542,2010,WA,1.9476190476190476,4.729651697626608,2.78203265000756,0.27733967640155655,0.06670636028736142,1,0
1544,2010,WI,-6.347619047619048,-4.837631848852155,1.5099871987668934,-0.10613485289895765,0.8068696957065029,1,0
16,2014,VA,9.666666666666666,0.8115000734730984,-8.855166593193568,0.5015433487335101,0.4557329897365711,1,0
17,2014,GA,-1.6776666666666664,-7.682709551543056,-6.0050428848763895,0.12041779177874569,0.5042117839159634,0,0
19,2014,TX,-22.25,-27.19549569977184,-4.94549569977184,-0.10436336294475813,-5.12860423763449,0,1
2,2014,MI,10.141666666666667,13.285311446611558,3.143644779944891,-0.20763237307723204,-0.02953445343245039,0,0
20,2014,OR,18.142857142857142,18.861973511546793,0.7191163686896509,0.9034322481462466,1.0126673550798007,1,0
22,2014,SD,-12.9,-20.85987717062975,-7.959877170629751,-0.7198458535057635,-0.5525745069551025,0,0
23,2014,CO,-2.167741935483871,-1.9444817344730012,0.22326020101086996,0.3474969818933041,0.43006909925280185,1,0
26,2014,IA,-2.018421052631579,-8.338939541471184,-6.320518488839605,0.005947344584489368,-0.03318877072256962,0,0
27,2014,ID,-28.666666666666668,-30.656723928906366,-1.9900572622396986,-1.7906336591261671,-1.2659301425750058,0,1
28,2014,TN,-18.5,-30.001419146838035,-11.501419146838035,-1.2731091561556886,-2.9979265866673677,0,1
29,2014,OK,-37.63333333333333,-39.459726853922035,-1.8263935205887023,-1.9786689959942942,-1.5219001112927346,0,1
3,2014,NM,12.833333333333334,11.11762035747401,-1.715712975859324,0.6688932693840752,1.2387487549064848,1,0
30,2014,WV,-18.666666666666668,-27.653304356067707,-8.98663768940104,-0.7597234881616445,-0.5573586249581248,0,0
31,2014,MA,20.64,23.884925073334337,3.244925073334336,4.747326568953562,4.598070323124251,1,0
32,2014,AR,-4.113333333333333,-17.067155945982613,-12.95382261264928,-0.18028336990048446,-0.30855781750338124,1,0
33,2014,RI,40.666666666666664,41.335382362779185,0.6687156961125211,4.075794474102933,4.136027165355482,1,0
34,2014,HI,45.75,42.066686641754345,-3.6833133582456554,2.9725456442885694,3.005529740112139,1,0
35,2014,OK,-35.43333333333333,-38.869885124681744,-3.436551791348414,-3.359293870628518,-3.1702475793449993,0,1
36,2014,SC,-24.9,-22.136971435472162,2.7630285645278363,-4.440319303943073,-4.268462563978576,0,1
4,2014,IL,12.431111111111111,10.853696067649423,-1.5774150434616878,1.176385052733751,2.06349376121909,1,0
5,2014,MT,-16.42,-17.717791610108534,-1.2977916101085327,-2.039445074479718,-1.6465357791409052,0,0
6,2014,MN,10.625,10.243509049581931,-0.381490950418069,1.0585804601093705,0.9492865960161069,1,0
60,2016,KS,-30.4,-29.937126566954348,0.462873433045651,-4.819721706756726,-5.723255439995815,0,1
61,2016,NY,41.75,41.97324777096761,0.2232477709676104,4.683809722343423,4.70406062622736,1,0
62,2016,NC,-1.062857142857143,-5.696086638345157,-4.633229495488014,0.14019316304494991,0.6382961324404421,0,1
6209,2018,MS,-9.666666666666666,-7.266512999290427,2.400153667376239,0.3003065225071428,0.656640177657387,0,0
6266,2020,AL,-10.955555555555556,-20.35869619179389,-9.403140636238334,1.1733449932661137,1.2720222465224484,1,0
6268,2020,AZ,6.671739130434783,2.3486901535682065,-4.323048976866576,0.3181649410383666,0.3645904085951695,1,1
6269,2020,CO,10.063636363636363,9.321433096708994,-0.742203266927369,0.5254653571536146,0.7009309398735346,0,1
6271,2020,GA,0.10193548387096694,-1.7789759045267957,-1.8809113883977626,0.45362691449328635,0.652684850675053,0,1
6272,2020,IA,1.9633333333333332,-6.587878657373857,-8.55121199070719,0.7105488322923489,0.8881288115824539,0,1
6275,2020,KS,-2.894444444444444,-11.437136036790214,-8.54269159234577,1.4545314074319124,1.7954503620984197,0,0
6276,2020,KY,-8.760000000000002,-19.53381104111039,-10.773811041110388,0.3468948981634883,0.45121219262632634,0,1
6279,2020,ME,4.210000000000001,-8.596613943404584,-12.806613943404585,0.9983790009382429,1.1560429047655214,0,1
6280,2020,MI,6.51734693877551,1.6850313519668916,-4.832315586808618,0.027285101907841367,-0.009273742774428247,1,0
6281,2020,MN,8.785714285714286,5.23844398205992,-3.5472703036543667,0.842543013759275,0.6761257269996113,1,0
6283,2020,MT,-1.4099999999999995,-10.024321499512084,-8.614321499512084,0.44032158700621676,0.5338118932796,0,1
6284,2020,NC,4.2096226415094335,-1.7467367750438783,-5.956359416553312,0.814506735838357,1.02989172862126,0,1
6286,2020,NH,15.318181818181818,15.648549968966499,0.33036815078468074,0.9327832685005938,2.7119821454973816,1,0
6287,2020,NJ,25.0,16.307528082802605,-8.692471917197395,2.648370111625255,3.0192419675268356,1,0
6292,2020,SC,-1.1964705882352944,-10.27031088972862,-9.073840301493325,0.20819210395432775,0.2456030446781068,0,1
6295,2020,TX,-5.5777777777777775,-9.639403663303426,-4.061625885525649,0.03377785645119109,0.4104603156947853,0,1
6296,2020,VA,15.572727272727274,12.083779503106292,-3.4889477696209816,0.9877732446313777,0.5546230089919209,1,0
63,2016,NV,0.8500000000000002,2.4285072372493204,1.5785072372493203,0.47998016891947304,0.7338796088334136,0,0
65,2016,OR,25.0,23.253168537622443,-1.746831462377557,5.519895420328044,5.471131784622763,1,0
67,2016,OH,-14.533333333333333,-20.871222905118366,-6.337889571785032,-0.6144877817656345,-0.4255016534317908,0,1
69,2016,AK,-31.425,-32.73461104992599,-1.3096110499259872,-5.49026604540511,-5.230468994538265,0,1
70,2016,MO,-0.06923076923076912,-2.7922948390464555,-2.7230640698156865,0.08996303224736608,0.5208510985417861,0,1
71,2016,WI,3.682352941176471,-3.3619771963695655,-7.044330137546036,0.34052074403227234,0.4581144594322468,0,1
72,2016,WA,17.34285714285714,18.026020891574888,0.683163748717746,3.1288949618992654,2.6374199005468157,1,0
73,2016,UT,-32.666666666666664,-41.0879986518562,-8.42133198518954,-3.9400596919745117,-3.689559211287206,0,1
74,2016,CO,9.529411764705882,5.664990778422201,-3.8644209862836814,1.286000066673826,1.010063868796432,1,0
75,2016,VT,39.0,28.235646523840927,-10.764353476159073,3.4274627209389266,3.2702935411332232,1,0
7781,2020,GA,0.7399999999999998,2.0796645851886026,1.3396645851886029,0.3070784820856988,0.7479333161164572,0,1
78,2016,IN,0.1,-9.699525643850095,-9.799525643850094,-0.8633147899752237,-0.8933327521322986,0,0
79,2016,SD,-29.6,-43.65572315882875,-14.055723158828748,-4.2950779249662645,-3.766887156490048,0,1
8,2014,NH,2.7439999999999998,3.2442298513394263,0.5002298513394265,0.49881093415246974,0.4562429558532838,1,0
80,2016,ID,-26.333333333333332,-38.407937043315854,-12.074603709982522,-1.6563622076098008,-1.926338567921154,0,1
81,2016,KY,-8.925,-14.548783402899453,-5.623783402899452,0.2536238486875902,0.15599782967590972,0,1
83,2016,AR,-15.200000000000001,-23.600614705622107,-8.400614705622106,-0.6058224559461338,-0.3313524571119344,0,1
84,2016,IL,12.45,15.08132555020341,2.6313255502034103,0.650874992990596,0.8600423255058107,0,1
85,2016,NH,1.1310344827586207,0.13759233704035267,-0.993442145718268,0.2907807352580748,0.47120658625373535,0,1
86,2016,PA,1.758823529411765,-1.4324531185143883,-3.191276647926153,-0.2859218694719997,-0.1839536011493704,0,1
87,2016,AZ,-9.45625,-12.961556546925202,-3.505306546925201,-0.2361763440258234,-0.012981048981749767,0,1
8737,2020,GA,0.8959999999999999,1.2250880844219267,0.32908808442192683,0.45362691449328635,0.652684850675053,0,1
88,2016,GA,-9.72,-13.750559494998846,-4.030559494998846,-1.0661753734003798,-2.3637868210462543,0,1
8919,2022,AZ,3.121621621621622,4.887427331401469,1.7658057097798467,1.7790505494204227,1.9197415078172622,1,0
8921,2022,CA,21.333333333333332,22.12901552163153,0.7956821882981977,2.415686798314679,2.199251628416427,1,0
8922,2022,CO,8.645454545454546,14.618319847367943,5.972865301913396,0.7053134634696607,1.3439082019301016,1,0
8923,2022,CT,14.325,13.114826964640486,-1.2101730353595137,0.8604656914279265,0.9902363551451698,1,0
8924,2022,FL,-6.66875,-16.41302787027712,-9.74427787027712,0.6232567059074794,0.7017697369998438,0,1
8925,2022,GA,0.9324999999999999,0.9572085233353107,0.024708523335310817,1.0300925430120194,0.9996429132623833,1,0
8928,2022,IL,15.500000000000002,15.32317482561158,-0.17682517438842105,2.395496545375214,2.7034639646091065,1,0
8930,2022,IA,-8.7,-12.178645226302464,-3.478645226302465,0.18480192814665608,0.7008340979215961,0,1
8938,2022,NH,3.5105263157894733,9.06075123797254,5.550224922183066,2.1814640673319454,2.21263560592728,1,0
8939,2022,NY,16.608333333333334,13.981957408768281,-2.6263759245650533,4.157682694442706,4.1080730527290985,1,0
8940,2022,NC,-3.4266666666666663,-3.225740634946547,0.20092603172011936,0.960595709496829,1.2046594447622854,0,0
8942,2022,OH,-2.924782608695651,-6.11188234605315,-3.187099737357499,1.2842090492905232,1.761936977880551,0,0
8943,2022,OK,-17.085714285714285,-32.20471838794785,-15.119004102233564,-1.1256244127552584,-0.5925651342055206,0,1
8944,2022,OR,15.7,14.908744992735805,-0.7912550072641942,4.425671307361739,4.067440406186624,1,0
8945,2022,PA,1.5969696969696972,4.913393595144285,3.316423898174588,0.40175683385336447,1.1929006606523842,0,0
8950,2022,WA,6.1000000000000005,14.518356901473148,8.418356901473146,-0.2652787581355272,-0.5195518463237832,1,0
8951,2022,WI,-2.936842105263158,-1.0072848888039303,1.9295572164592278,0.19257558590772994,0.3268742663556452,0,1
9,2014,ME,-29.77777777777778,-36.9603726979544,-7.182594920176619,-0.8106905687012536,-0.2707407900745033,0,1
92,2016,IA,-18.133333333333333,-24.434666029865618,-6.301332696532285,-1.3798396491034173,-1.1430723383989634,0,1
93,2016,FL,-4.997674418604651,-7.666273911987119,-2.6685994933824677,0.11843843918227233,-0.003399039476990664,0,1
9482,2022,OK,-12.042857142857143,-26.5327284848685,-14.489871342011357,-1.0734376077860157,-0.4436374908421811,0,0
9552,2022,GA,2.8307692307692305,2.806110997078669,-0.024658233690561637,1.0300925430120194,0.9996429132623833,1,0
96,2018,AZ,0.1547999999999999,2.3444957614536364,2.1896957614536365,0.034455855565462,0.10121679233220916,0,0
98,2018,CT,18.25,17.447434455308468,-0.8025655446915323,4.185812839770108,4.143578419846798,1,0
