district,pres_2024_dem_two_party,pres_2024_dem_votes,pres_2024_rep_votes,house_2024_holder
AK-AL,0.436405,142830,184458,R
AL-01,0.223160,73647,256372,R
AL-02,0.539070,154803,132363,D
AL-03,0.264793,82856,230053,R
AL-04,0.165990,53293,267771,R
AL-05,0.352648,122385,224661,R
AL-06,0.305142,105210,239581,R
AL-07,0.617114,180218,111815,D
AR-01,0.269122,72184,196035,R
AR-02,0.420427,131088,180710,R
AR-03,0.372012,111992,189052,R
AR-04,0.296696,81560,193334,R
AZ-01,0.484316,216232,230237,R
AZ-02,0.425007,174799,236486,R
AZ-03,0.701537,147522,62762,D
AZ-04,0.533813,182893,159723,D
AZ-05,0.399036,175673,264571,R
AZ-06,0.496211,216024,219323,R
AZ-07,0.611932,170341,108025,R
AZ-08,0.417600,162183,226186,R
AZ-09,0.343304,137009,262080,R
CA-01,0.371889,117924,199171,R
CA-02,0.734012,276360,100146,D
CA-03,0.480564,201810,218134,R
CA-04,0.661394,224804,115090,D
CA-05,0.409309,151587,218762,R
CA-06,0.571831,166440,124625,D
CA-07,0.654302,195037,103047,D
CA-08,0.725501,199829,75607,D
CA-09,0.491046,122822,127301,D
CA-10,0.675194,246928,118786,D
CA-11,0.853118,295450,50868,D
CA-12,0.888232,269105,33862,D
CA-13,0.473353,100047,111311,D
CA-14,0.684424,191144,88133,D
CA-15,0.748260,220519,74190,D
CA-16,0.751729,249238,82315,D
CA-17,0.698314,176399,76208,D
CA-18,0.652359,149197,79507,D
CA-19,0.678291,246265,116802,D
CA-20,0.344929,110525,209903,R
CA-21,0.519691,101124,93461,D
CA-22,0.470483,79212,89151,R
CA-23,0.413980,109917,155596,R
CA-24,0.629521,214292,126113,D
CA-25,0.512974,125240,118905,D
CA-26,0.568103,190457,144794,D
CA-27,0.520269,157067,144829,D
CA-28,0.639488,204184,115109,D
CA-29,0.679667,154251,72700,D
CA-30,0.712625,233106,94003,D
CA-31,0.587163,151471,106500,D
CA-32,0.661482,224261,114767,D
CA-33,0.545216,128865,107491,D
CA-34,0.765209,156734,48091,D
CA-35,0.553030,130873,105774,D
CA-36,0.702172,261887,111080,D
CA-37,0.811545,184947,42948,D
CA-38,0.583002,166520,119105,D
CA-39,0.550055,125891,102979,D
CA-40,0.488140,184536,193503,R
CA-41,0.469828,165798,187093,R
CA-42,0.668023,159924,79475,D
CA-43,0.752984,162753,53391,D
CA-44,0.674610,164020,79113,D
CA-45,0.507982,159831,154808,D
CA-46,0.591532,125102,86386,D
CA-47,0.521732,182359,167167,D
CA-48,0.421685,152763,209505,R
CA-49,0.539979,202218,172274,D
CA-50,0.653018,234750,124735,D
CA-51,0.621212,203991,124385,D
CA-52,0.608829,159462,102454,D
CO-01,0.788064,280662,75479,D
CO-02,0.704591,295692,123973,D
CO-03,0.450117,178501,218065,R
CO-04,0.406433,182901,267114,R
CO-05,0.453315,165522,199615,R
CO-06,0.601801,210533,139305,D
CO-07,0.577074,249924,183164,D
CO-08,0.490601,164426,170726,R
CT-01,0.616344,416810,259452,D
CT-02,0.539282,411988,351968,D
CT-03,0.571661,383662,287474,D
CT-04,0.618647,412160,254068,D
CT-05,0.528376,359486,320874,D
DE-AL,0.574792,579516,428702,D
FL-01,0.312057,130210,287054,R
FL-02,0.409118,166158,239978,R
FL-03,0.393417,155748,240137,R
FL-04,0.440187,173072,220106,R
FL-05,0.391608,168926,262439,R
FL-06,0.348458,152754,285616,R
FL-07,0.436913,184389,237638,R
FL-08,0.387248,177212,280406,R
FL-09,0.517775,170042,158367,D
FL-10,0.615080,182937,114483,D
FL-11,0.417960,189155,263412,R
FL-12,0.325730,143215,296459,R
FL-13,0.440137,182362,231968,R
FL-14,0.538794,190430,163008,D
FL-15,0.443234,155662,195534,R
FL-16,0.421983,177608,243281,R
FL-17,0.379448,176069,287945,R
FL-18,0.351855,124323,229014,R
FL-19,0.353222,150278,275172,R
FL-21,0.416582,188590,264118,R
FL-22,0.528060,196968,176035,D
FL-23,0.509607,195676,188298,D
FL-24,0.651578,191104,102190,D
FL-25,0.526923,184024,165219,D
FL-26,0.324026,101483,211711,R
FL-27,0.426118,142906,192461,R
FL-28,0.372138,123817,208901,R
GA-01,0.420537,152070,209539,R
GA-02,0.538249,169581,145479,D
GA-03,0.350616,145882,270191,R
GA-04,0.765197,234422,71933,D
GA-05,0.861652,299979,48165,D
GA-06,0.751735,280408,92606,D
GA-07,0.388471,166278,261755,R
GA-08,0.346395,119342,225185,R
GA-09,0.328317,130772,267537,R
GA-10,0.395439,162899,249046,R
GA-11,0.382180,158990,257017,R
GA-12,0.428843,149019,198472,R
GA-13,0.713636,257535,103343,D
GA-14,0.314928,120829,262843,R
HI-01,0.625832,153039,91498,D
HI-02,0.610315,160005,102163,D
IA-01,0.457046,190502,226309,R
IA-02,0.449362,186017,227941,R
IA-03,0.477679,199043,217645,R
IA-04,0.340492,131716,255124,R
ID-01,0.269011,126556,343893,R
ID-02,0.362194,148416,261353,R
IL-01,0.661613,213957,109430,D
IL-02,0.667927,196200,97545,D
IL-03,0.659183,172033,88946,D
IL-04,0.643865,134026,74133,D
IL-05,0.687844,254114,115322,D
IL-06,0.528410,190680,170176,D
IL-07,0.830621,227530,46398,D
IL-08,0.535001,162610,141333,D
IL-09,0.685024,234583,107862,D
IL-10,0.611728,198884,126235,D
IL-11,0.558032,198859,157499,D
IL-12,0.279593,102645,264477,R
IL-13,0.553251,180463,145723,D
IL-14,0.526316,173949,156554,D
IL-15,0.297830,111675,263286,R
IL-16,0.384749,147742,236253,R
IL-17,0.524145,162904,147895,D
IN-01,0.502041,161609,160295,D
IN-02,0.403692,162993,240763,R
IN-03,0.341356,107771,207943,R
IN-04,0.359977,144290,256541,R
IN-05,0.414363,150105,212150,R
IN-06,0.334498,107010,212902,R
IN-07,0.710805,189586,77134,D
IN-08,0.317276,103707,223160,R
IN-09,0.308927,94113,210532,R
KS-01,0.340757,103889,200988,R
KS-02,0.399725,120720,181288,R
KS-03,0.520870,203405,187105,D
KS-04,0.381501,116821,189393,R
KY-01,0.260450,88125,250232,R
KY-02,0.290340,100536,245734,R
KY-03,0.596345,194712,131797,D
KY-04,0.319199,117644,250916,R
KY-05,0.176651,55275,257630,R
KY-06,0.423437,147751,201182,R
LA-01,0.302243,52794,121880,R
LA-02,0.651010,102316,54849,D
LA-03,0.286831,50922,126611,R
LA-04,0.242594,43534,135918,R
LA-05,0.333664,54124,108086,R
LA-06,0.578386,96747,70524,D
MA-01,0.569574,211784,160045,D
MA-02,0.621436,231966,141308,D
MA-03,0.596961,208626,140854,D
MA-04,0.600656,237730,158054,D
MA-05,0.731732,265591,97371,D
MA-06,0.605443,255729,166654,D
MA-07,0.825700,222693,47009,D
MA-08,0.634931,242623,139502,D
MA-09,0.554710,249776,200506,D
MD-01,0.413464,171556,243368,R
MD-02,0.594674,227204,154861,D
MD-03,0.622402,249544,151393,D
MD-04,0.878326,240880,33369,D
MD-05,0.670222,280943,138236,D
MD-06,0.529610,200040,177672,D
MD-07,0.802478,236183,58134,D
MD-08,0.790272,296254,78622,D
ME-01,0.608138,255677,164749,D
ME-02,0.453169,167871,202567,D
MI-01,0.392400,187851,290872,R
MI-02,0.347295,151060,283900,R
MI-03,0.539857,226863,193365,D
MI-04,0.471905,201784,225810,R
MI-05,0.362964,151100,265194,R
MI-06,0.619614,280090,171949,D
MI-07,0.493480,224740,230678,R
MI-08,0.489955,209502,218093,D
MI-09,0.336121,161551,319083,R
MI-10,0.466576,199324,227882,R
MI-11,0.582116,262389,188361,D
MI-12,0.699486,249017,106983,D
MI-13,0.709986,231273,94470,D
MN-01,0.438831,167186,213794,R
MN-02,0.529754,220555,195780,D
MN-03,0.608601,251783,161925,D
MN-04,0.682335,251495,117085,D
MN-05,0.817715,292800,65271,D
MN-06,0.399670,168603,253253,R
MN-07,0.314511,123652,269504,R
MN-08,0.427343,180905,242420,R
MO-01,0.790943,244274,64565,D
MO-02,0.461750,197061,229709,R
MO-03,0.363003,145554,255418,R
MO-04,0.287800,106797,264284,R
MO-05,0.615412,204325,127689,D
MO-06,0.303723,114935,263486,R
MO-07,0.284375,105495,265477,R
MO-08,0.226009,82151,281334,R
MS-01,0.312337,99872,219886,R
MS-02,0.602986,171099,112654,D
MS-03,0.352384,112840,207379,R
MS-04,0.285040,82856,207826,R
MT-01,0.440387,137405,174605,R
MT-02,0.347441,94451,177396,R
NC-01,0.484382,182907,194703,D
NC-02,0.662884,267765,136175,D
NC-03,0.389537,147159,230620,R
NC-04,0.728439,311861,116261,D
NC-05,0.397590,163042,247034,R
NC-06,0.400505,149353,223558,R
NC-07,0.430237,189280,250664,R
NC-08,0.406463,165499,241670,R
NC-09,0.442794,168535,212082,R
NC-10,0.409682,167973,242035,R
NC-11,0.451924,196322,238092,R
NC-12,0.732346,253914,92799,D
NC-13,0.427484,179552,240468,R
NC-14,0.424856,171332,231939,R
ND-AL,0.313035,112327,246505,R
NE-01,0.433876,136149,177648,R
NE-02,0.523423,163540,148903,R
NE-03,0.227861,70291,238191,R
NH-01,0.510100,208186,199942,D
NH-02,0.518135,210302,195581,D
NJ-01,0.637286,162490,92482,D
NJ-02,0.434862,145449,189022,R
NJ-03,0.541771,201271,170235,
NJ-04,0.347315,142650,268072,R
NJ-05,0.528080,541517,483929,D
NJ-06,0.532940,167096,146440,D
NJ-07,0.493467,213836,219498,R
NJ-08,0.625153,134488,80640,D
NJ-09,0.478421,262001,285636,D
NJ-10,0.759169,194837,61808,D
NJ-11,0.547419,218476,180626,R
NJ-12,0.615226,190279,119004,D
NM-01,0.564976,194846,150029,D
NM-02,0.490730,130520,135451,D
NM-03,0.526585,153389,137901,D
NV-01,0.511510,168436,160856,D
NV-02,0.428705,176233,234849,R
NV-03,0.496263,187977,190808,D
NV-04,0.511878,172374,164374,D
NY-01,0.465267,183054,210385,R
NY-02,0.443714,147902,185425,R
NY-03,0.487253,172055,181057,D
NY-04,0.515831,188418,176853,D
NY-05,0.721760,165083,63640,D
NY-06,0.532042,103031,90621,D
NY-07,0.725092,147921,56082,D
NY-08,0.723068,158459,60689,D
NY-09,0.704982,158353,66267,D
NY-10,0.803037,195048,47840,D
NY-11,0.377732,94898,156333,R
NY-12,0.825899,259989,54806,D
NY-13,0.800569,174777,43539,D
NY-14,0.658306,121229,62924,D
NY-15,0.750014,131938,43976,D
NY-16,0.675339,208617,100290,D
NY-17,0.514022,187134,176924,R
NY-18,0.523879,177465,161287,D
NY-19,0.494804,187018,190946,R
NY-20,0.600791,282773,187895,D
NY-21,0.403107,133438,197586,R
NY-22,0.549214,191205,156938,D
NY-23,0.408145,147386,213726,R
NY-24,0.423679,136129,185173,R
NY-25,0.642689,152636,84860,D
NY-26,0.614323,188629,118423,D
OH-01,0.531996,211033,185648,D
OH-02,0.260289,97847,278068,R
OH-03,0.703288,249337,105194,D
OH-04,0.314585,126920,276532,R
OH-05,0.352327,138270,254177,R
OH-06,0.330340,125134,253669,R
OH-07,0.446344,185112,229617,R
OH-08,0.380476,147410,240025,R
OH-09,0.466131,174644,200023,D
OH-10,0.471020,176358,198059,R
OH-11,0.777312,247404,70878,D
OH-12,0.334916,129821,257802,R
OH-13,0.500223,195965,195791,D
OH-14,0.409567,164390,236986,R
OH-15,0.453562,164055,197649,R
OK-01,0.390006,240502,376160,R
OK-02,0.217444,139380,501614,R
OK-04,0.330592,200711,406415,R
OK-05,0.412558,281979,401511,R
OR-01,0.622595,162978,98794,D
OR-02,0.324365,67685,140984,R
OR-03,0.439123,20839,26617,R
OR-04,0.559677,194223,152804,D
OR-05,0.553461,163985,132305,D
OR-06,0.558709,188852,149163,D
PA-01,0.501654,235348,233796,R
PA-02,0.680639,198243,93017,D
PA-03,0.891092,345301,42202,D
PA-04,0.580282,268735,194376,D
PA-05,0.644773,266651,146907,D
PA-06,0.557883,234313,185691,D
PA-07,0.483806,196712,209881,R
PA-08,0.456668,177272,210914,R
PA-09,0.308701,121883,272943,R
PA-10,0.473180,193049,214933,R
PA-11,0.392338,159917,247683,R
PA-12,0.596836,253993,171573,D
PA-13,0.270450,110801,298890,R
PA-14,0.332130,138549,278604,R
PA-15,0.308501,121608,272582,R
PA-16,0.385117,159564,254762,R
PA-17,0.527575,238708,213755,D
RI-01,0.612775,274566,173504,D
RI-02,0.534898,283378,246402,D
SC-01,0.433983,171120,223181,R
SC-02,0.429357,154746,205667,R
SC-03,0.281910,99173,252616,R
SC-04,0.380136,132542,216129,R
SC-05,0.384582,141518,226462,R
SC-06,0.615180,189671,118647,D
SC-07,0.366880,139681,241046,R
SD-AL,0.350549,146859,272081,R
TN-01,0.207799,71641,273119,R
TN-02,0.328335,118782,242988,R
TN-03,0.318228,113481,243122,R
TN-04,0.279468,93023,239834,R
TN-05,0.410292,149712,215179,R
TN-06,0.321759,113925,240144,R
TN-07,0.387734,127481,201303,R
TN-08,0.292087,100646,243930,R
TN-09,0.721229,166505,64358,D
TX-01,0.241780,78553,246341,R
TX-02,0.379662,124591,203572,R
TX-03,0.397307,153496,232845,R
TX-04,0.334610,120188,239000,R
TX-05,0.363080,111027,194765,R
TX-06,0.355751,104144,188599,R
TX-07,0.606960,148939,96446,D
TX-08,0.328454,113192,231429,R
TX-09,0.723804,169156,64548,D
TX-10,0.374218,131832,220455,R
TX-11,0.270727,71371,192256,R
TX-12,0.385683,131637,209672,R
TX-13,0.258745,77647,222444,R
TX-14,0.328044,101609,208133,R
TX-15,0.410024,93470,134492,R
TX-16,0.581043,132189,95314,D
TX-17,0.352309,105290,193568,R
TX-18,0.701937,154657,65672,D
TX-19,0.239163,66862,212705,R
TX-20,0.607601,147731,95407,D
TX-21,0.380529,163531,266215,R
TX-22,0.400433,136411,204248,R
TX-23,0.421584,127466,174884,R
TX-24,0.421130,157912,217060,R
TX-25,0.316220,106958,231281,R
TX-26,0.381219,149357,242431,R
TX-27,0.350411,99365,184202,R
TX-28,0.463288,114995,133220,D
TX-29,0.603223,92821,61054,D
TX-30,0.737906,185466,65875,D
TX-31,0.382122,142612,230599,R
TX-32,0.621672,145115,88312,D
TX-33,0.672810,113651,55269,D
TX-34,0.477682,96999,106063,D
TX-35,0.670692,176212,86520,D
TX-36,0.314066,94135,205595,R
TX-37,0.751443,259547,85851,D
TX-38,0.394676,134998,207050,R
UT-01,0.396784,144765,220081,R
UT-02,0.395757,140165,214004,R
UT-03,0.400716,146058,218435,R
UT-04,0.362675,131394,230897,R
VA-01,0.475087,226773,250556,R
VA-02,0.498990,203252,204074,R
VA-03,0.675393,213056,102399,D
VA-04,0.665382,251266,126361,D
VA-05,0.437960,191726,246045,R
VA-06,0.379255,154375,252673,R
VA-07,0.513994,203296,192227,D
VA-08,0.754033,285338,93078,D
VA-09,0.277835,112180,291585,R
VA-10,0.543580,220989,185555,D
VA-11,0.676639,273145,130534,D
VT-AL,0.663852,235791,119395,D
WA-01,0.659619,238936,123297,D
WA-02,0.622422,253785,153953,D
WA-03,0.483183,197904,211680,D
WA-04,0.393789,118125,181845,R
WA-05,0.444765,173826,217001,R
WA-06,0.599687,251188,167677,D
WA-07,0.767521,330380,100071,D
WA-08,0.606769,254417,164881,D
WA-09,0.767521,219796,66575,D
WA-10,0.593052,204677,140448,D
WI-01,0.477125,189560,207736,R
WI-02,0.703728,324783,136735,D
WI-03,0.462432,191708,222857,R
WI-04,0.762348,258176,80483,D
WI-05,0.387732,183713,290101,R
WI-06,0.416523,175452,245778,R
WI-07,0.385788,167560,266772,R
WI-08,0.417681,177232,247092,R
WV-01,0.274006,98066,259831,R
WV-02,0.298083,116243,273725,R
WY-AL,0.265208,69527,192633,R
