scored_on,forecast_run,chamber,race_id,poll_id,pollster,field_date,observed_logit,predicted_logit,predictive_sd,pit
2026-09-22,2026-09-21,senate,senate-2026-FL,us-202insad41796a,InsiderAdvantage,2026-09-20,-0.16503,-0.11599,0.10663,0.28928
2026-09-22,2026-09-21,senate,senate-2026-IA,us-202marf54f428e,Marist College,2026-09-18,0.17435,0.08576,0.08345,0.88559
2026-09-22,2026-09-21,senate,senate-2026-MI,us-202suf59500e62,Suffolk University,2026-09-18,0.16127,0.03885,0.11523,0.88574
2026-09-22,2026-09-21,senate,senate-2026-TX,us-202tex6938a787,Texas Southern University Barbara Jordan Public Policy Research and Survey Center,2026-09-17,0.02151,0.07354,0.06152,0.1623
2026-09-24,2026-09-23,senate,senate-2026-ME,us-202the9a68a494,The New York Times/Siena College,2026-09-18,-0.06318,0.04234,0.09999,0.1156
2026-09-24,2026-09-23,senate,senate-2026-MI,us-202thecf4746de,The New York Times/Siena College,2026-09-18,0.10763,0.05044,0.09853,0.75632
2026-09-24,2026-09-23,senate,senate-2026-MI,us-202co/b838141c,co/efficient,2026-09-22,0.0,0.01666,0.08672,0.40701
2026-09-24,2026-09-23,senate,senate-2026-NC,us-202higae3d1182,High Point University Survey Research Center,2026-09-12,0.17435,0.22803,0.09878,0.25714
2026-09-24,2026-09-23,senate,senate-2026-NH,us-202the55816505,The New York Times/Siena College,2026-09-18,0.10536,0.15196,0.10245,0.29129
2026-09-25,2026-09-24,senate,senate-2026-ME,us-202uni866e047f,University of Massachusetts Lowell Center for Public Opinion/YouGov,2026-09-05,0.11,0.03365,0.09632,0.82348
2026-09-26,2026-09-25,senate,senate-2026-FL,us-202ste67ef4e2d,Stetson University Center for Public Opinion Research,2026-09-17,-0.24295,-0.122,0.08937,0.07052
2026-09-26,2026-09-25,senate,senate-2026-GA,us-202insbbb32dd3,InsiderAdvantage,2026-09-22,0.17435,0.14732,0.08484,0.65107
2026-09-26,2026-09-25,senate,senate-2026-KS,us-202wedd2e2b8b0,Wedgewood Polls,2026-09-23,0.04082,-0.01997,0.11833,0.73173
2026-09-26,2026-09-25,senate,senate-2026-ME,us-202uni51f1c418,University of New Hampshire,2026-09-19,0.08168,0.04797,0.07472,0.70724
2026-09-26,2026-09-25,senate,senate-2026-NE,us-202gba71e992b6,GBAO,2026-09-05,0.02151,-0.19376,0.20043,0.88789
2026-09-26,2026-09-25,senate,senate-2026-NH,us-202uni02a0a46f,University of New Hampshire,2026-09-19,0.17435,0.15303,0.07599,0.63405
2026-09-26,2026-09-25,senate,senate-2026-OH,us-202qua2790f813,Quantus Insights,2026-09-22,0.01052,0.09196,0.09321,0.15523
2026-09-26,2026-09-25,senate,senate-2026-TX,us-202sli284b821d,Slingshot Strategies,2026-09-20,0.08516,0.10239,0.08232,0.39891
2026-09-30,2026-09-29,senate,senate-2026-FL,us-202chad8109bd5,Change Research,2026-09-26,-0.02105,-0.15055,0.08112,0.95284
2026-09-30,2026-09-29,senate,senate-2026-MA,us-202mas5785b9ea,MassINC Polling Group,2026-09-18,0.69315,0.57568,0.11184,0.88342
2026-09-30,2026-09-29,senate,senate-2026-MI,us-202cyg13fa7f0a,Cygnal/Beacon Research,2026-09-19,0.11778,0.06178,0.10061,0.74774
2026-09-30,2026-09-29,senate,senate-2026-OH,us-202mara7f1d430,Marist College,2026-09-25,0.17063,0.17707,0.077,0.45911
2026-10-01,2026-09-30,senate,__national__,gen202theeb8b068f,The Argument/Verasight,2026-09-19,0.20067,0.15546,0.0927,0.72172
2026-10-01,2026-09-30,senate,__national__,gen202har55021d5f,HarrisX/Harris,2026-09-27,0.04001,0.0624,0.09308,0.3843
2026-10-01,2026-09-30,senate,senate-2026-AL,us-202rmg809825be,RMG Research,2026-09-23,-0.49248,-0.47646,0.1269,0.43849
2026-10-01,2026-09-30,senate,senate-2026-ME,us-202co/7102b7eb,co/efficient,2026-09-29,-0.04256,0.01626,0.07738,0.18573
2026-10-01,2026-09-30,senate,senate-2026-MI,us-202beac0286b40,Beacon Research/Shaw & Co. Research,2026-09-26,0.0202,0.10663,0.07706,0.10366
2026-10-02,2026-10-01,senate,senate-2026-ME,us-202fabe2bcab70,"Fabrizio, Lee & Associates/Impact Research",2026-09-21,0.06188,0.07795,0.08271,0.40596
2026-10-02,2026-10-01,senate,senate-2026-OH,us-202insea9816ae,InsiderAdvantage,2026-09-28,0.02299,0.08492,0.07827,0.17697
2026-10-03,2026-10-02,senate,senate-2026-AK,us-202qua198b0338,Quantus Insights,2026-09-29,-0.01263,0.02374,0.09331,0.3181
2026-10-03,2026-10-02,senate,senate-2026-IA,us-202beaadb6c4f9,Beacon Research/Shaw & Co. Research,2026-09-26,0.04167,0.04562,0.0797,0.47577
2026-10-03,2026-10-02,senate,senate-2026-ME,us-202wedfe4427b1,Wedgewood Polls,2026-09-29,0.08004,0.06151,0.11719,0.57688
2026-10-03,2026-10-02,senate,senate-2026-MI,us-202tra046dabbf,Trafalgar Group,2026-09-29,0.04349,0.04319,0.07485,0.50193
2026-10-03,2026-10-02,senate,senate-2026-TX,us-202beab9600d9b,Beacon Research/Shaw & Co. Research,2026-09-26,0.04001,0.09433,0.08174,0.21504
