as_of,forecaster,chamber,dem_control_prob,dem_seats_median,dem_seats_p05,dem_seats_p95,counts_osborn,access,source_url,retrieved,note
2026-04-29,The Economist,house,0.979,,,,n/a,paywalled-preview,https://theeconomistoffthecharts.substack.com/p/our-prediction-model-for-americas,2026-09-15,"Assumes the pre-2026 district boundaries; the article flags the Florida gerrymander as an open caveat. Ten states have redrawn since, covering 181 seats."
2026-08-03,50+1,house,0.85,230,211,253,n/a,free,https://blog.fiftyplusone.news/p/election-forecast-democrats-strongly-favored-house-tilt-senate,2026-09-15,
2026-08-03,50+1,senate,0.55,51,47,55,unknown,free,https://blog.fiftyplusone.news/p/election-forecast-democrats-strongly-favored-house-tilt-senate,2026-09-15,
2026-09-14,Silver Bulletin,senate,0.586,,,,unknown,paywalled-preview,https://www.natesilver.net/p/nate-silver-2026-midterm-election-polls-model,2026-09-15,"Free preview carries the Senate probability only; House and seat projections are behind the paywall. FLIPR1, 40,000 simulations."
2026-09-15,50+1,house,0.97,236,,,n/a,free,https://fiftyplusone.news/forecast/house,2026-09-15,"'97 out of 100'; median outcome D+37, 236 seats. Page states 'LAST UPDATED: SEP 15 AT 4:09PM'."
2026-09-15,50+1,senate,0.64,51,,,unknown,free,https://fiftyplusone.news/forecast/senate,2026-09-15,"'64 out of 100'; median outcome D+2, 51 seats. Page states 'LAST UPDATED: SEP 15 AT 4:09PM'."
2026-09-15,DDHQ,house,0.68,,,,n/a,free,https://votes.decisiondeskhq.com/forecast/2026/house,2026-09-15,"Page states 'Last updated Sep 15, 3:47 PM'. Senate topline is behind an account wall and is not recorded."
2026-10-09,DDHQ,house,0.76,,,,n/a,free,https://votes.decisiondeskhq.com/forecast/2026/house,2026-10-10,"Page states 'Last updated Oct 9, 4:07 PM'."
2026-10-09,DDHQ,senate,0.56,,,,unknown,free,https://votes.decisiondeskhq.com/forecast/2026/senate,2026-10-10,"Page states 'Last updated Oct 9, 4:08 PM'. Rendered freely today; the same topline was behind an account wall on 2026-09-15."
2026-10-09,Silver Bulletin,house,0.94,,,,n/a,paywalled-preview,https://www.natesilver.net/p/nate-silver-2026-midterm-election-polls-model,2026-10-10,"Free preview states Democrats' House chances are 'up to nearly 94 percent' in the FLIPR Deluxe model. Prose, not a published figure, so 0.94 is approximate. No Senate number was public this week -- the reverse of 2026-09-14, when the Senate was free and the House paid."
2026-10-10,50+1,house,0.99,243,,,n/a,free,https://fiftyplusone.news/forecast/house,2026-10-10,"'99 out of 100'; median outcome D+51, 243 seats. Page states 'LAST UPDATED: OCT 10 AT 3:10AM'."
2026-10-10,50+1,senate,0.73,52,,,unknown,free,https://fiftyplusone.news/forecast/senate,2026-10-10,"'73 out of 100'; median outcome D+4, 52 seats. Same page timestamp."
